<?xml version="1.0" encoding="UTF-8"?>
<project-private xmlns="http://www.netbeans.org/ns/project-private/1">
    <editor-bookmarks xmlns="http://www.netbeans.org/ns/editor-bookmarks/2" lastBookmarkId="0"/>
    <open-files xmlns="http://www.netbeans.org/ns/projectui-open-files/2">
        <group>
            <file>file:/C:/Users/DELL/Desktop/Ejercicios_Modulo1/src/ejercicios_modulo1/Ejercicio2.java</file>
            <file>file:/C:/Users/DELL/Desktop/Ejercicios_Modulo1/src/ejercicios_modulo1/Ejercicio5.java</file>
            <file>file:/C:/Users/DELL/Desktop/Ejercicios_Modulo1/src/ejercicios_modulo1/Ejercicios_Modulo1.java</file>
            <file>file:/C:/Users/DELL/Desktop/Ejercicios_Modulo1/src/ejercicios_modulo1/Ejercicio4.java</file>
            <file>file:/C:/Users/DELL/Desktop/Ejercicios_Modulo1/src/ejercicios_modulo1/Ejercicio6.java</file>
            <file>file:/C:/Users/DELL/Desktop/Ejercicios_Modulo1/src/ejercicios_modulo1/Ejercicio1.java</file>
            <file>file:/C:/Users/DELL/Desktop/Ejercicios_Modulo1/src/ejercicios_modulo1/Ejercicio3.java</file>
            <file>file:/C:/Users/DELL/Desktop/Ejercicios_Modulo1/src/ejercicios_modulo1/Ejercicio7.java</file>
        </group>
    </open-files>
</project-private>
